year,state,county,state_fips_code,county_fips_code,combined_fips_code,birth_rate,lower_confidence_limit,upper_confidence_limit
2003,Alabama,Autauga,1,1,1001,46.377215,40.683107,52.508481
2004,Alabama,Autauga,1,1,1001,46.050618,41.084735,51.340795
2005,Alabama,Autauga,1,1,1001,43.941062,39.513897,48.646647
2006,Alabama,Autauga,1,1,1001,43.826654,39.570766,48.345353
2007,Alabama,Autauga,1,1,1001,43.757806,39.573448,48.199268
2008,Alabama,Autauga,1,1,1001,42.169739,38.130402,46.458997
2009,Alabama,Autauga,1,1,1001,38.70931,34.932726,42.724053
2010,Alabama,Autauga,1,1,1001,34.948071,31.415432,38.714537
2011,Alabama,Autauga,1,1,1001,31.778155,28.437291,35.348937
